INSERT INTO roles(id, name)
VALUES (1, 'USER'),
   (2, 'ADMIN'),
   (3, 'MANAGER'),
   (4, 'IT TECHNICIAN'),
   (5, 'DEVELOPER'),
   (6, 'TESTER');


INSERT INTO users(id, username, password, email, first_name, last_name, is_active)
VALUES
(101, 'Matt.Matter', '$2a$12$SlcIQKRYR.mECgOsMzNWJ.xOfzJkcB3F2Vu7aWUjiKm7bb7Ypsmiy', 'user1@gmail.com', 'Matt', 'Matter',  true),
(102, 'Emma.Smith', '$2a$12$LzZlbLqpFz4gm08f8z8POeGyQTPl7pK49ycF/SEnTjN/yCF/AvSDi', 'user2@gmail.com', 'Emma', 'Smith',  true ),
(103, 'Jason.Butter', '$2a$12$ST0p..BUpI4OEVjahWU4te.x26cjTPvX..LJTo1oI3FGjJoxL4gJm', 'user3@gmail.com', 'Jason', 'Butter',  true),
(104, 'Tara.Anderson', '$2a$12$VMvXiw/gIGnCGm/s2XUIf.9wrVFya9rPqeN9oGUSXMoCbRFAgIsLi', 'user4@gmail.com', 'Tara', 'Anderson', true),
(105, 'Tobi.Ferguson', '$2a$12$mdsiY63nDtYjx6EzVFt7BeK3Kc9pFVmxJpJMRbI9dlXDGJeGm4zvq', 'user5@gmail.com', 'Tobi', 'Ferguson',  true),
(106, 'Anna.Dubois', '$2a$12$FwH1s4eaGgpHoyR/PMKT2OMDofwuvfKdyiHz9fZk7zudqMvS2en0m', 'user6@gmail.com', 'Anna', 'Dubois', true),
(107, 'Stacey.Rossenthal', '$2a$12$kIX9fVWnKNB4DRTWYIeP7Or493CK4YbbGpNYDzpdzbXyx0TBiGO26', 'user7@gmail.com', 'Stacey', 'Rossenthal',  true),
(108, 'Alan.McMillan', '$2a$12$Dfbdj2pw4gRXqOip2ywimOB/Qg3TrhvxzOXM7Gah9zGDZhFvLEXne', 'user8@gmail.com', 'Alan', 'McMillan',  true),
(109, 'Ciara.Cornwall', '$2a$12$pwBWRyKg.3OXlAmzh54xUexcM.wDtpB8CqZXc5DqrA5xtmwtcD0SW', 'user9@gmail.com', 'Ciara', 'Cornwall',  true),
(110, 'Tommy.Bishop', '$2a$12$7E9zHQeA81VinBlnwclNnuoXz0caK.G5UkAB0HW8h5m3.gq5Yhqd2', 'user10@gmail.com', 'Tommy', 'Bishop',  true),
(111, 'Bart.West', '$2a$12$N3xxN4L.24oBtmeCinkZiu.i5RGUDXizxiskkk6hVcwRgEBquOame', 'user11@gmail.com', 'Bart', 'West',  true),
(112, 'Sara.Brady', '$2a$12$HzgJXzbfgCPaHfsIuCLiJe1kqEV12VqYXF4UpT3AB1GTB8AMsXfem', 'user12@gmail.com', 'Sara', 'Brady',  true);


INSERT INTO users_roles(role_id, user_id)
VALUES
    (1, 101),(5, 101),
    (1, 102), (2, 102), (5, 102),
    (1, 103), (5, 103),
    (1, 104), (3, 104), (4, 104),
    (1, 105),
    (1, 106), (2, 106), (3, 106),
    (1, 107), (4, 107),
    (1, 108), (5, 108),
    (1, 109), (5, 109),
    (1, 110), (3, 110), (6, 110),
    (1, 111), (6, 111),
    (1, 112), (3, 112);

INSERT INTO companies(id, company_name)
VALUES
(100, 'Big Deal Development'),
(200, 'IT Bug'),
(300, 'Service Now'),
(400, 'Salesforce');


INSERT INTO projects(id, project_name, company_id)
VALUES
(101, 'Project Rainbow',  100),
(102, 'Amazing 7',  100),
(103, 'Connect Me', 200),
(104, 'Project Bluebird', 200),
(105, 'Blueberry', 300),
(106, 'Dragonfly 2', 300),
(107, 'NOOBI',400),
(108, 'GigaBlur', 400);


INSERT INTO users_projects(project_id, user_id)
VALUES
(101, 104), (101, 102), (101, 106), (101, 108), (101, 110),
(102, 106), (102, 102), (102, 104), (102, 108), (102, 103), (102, 111),
(103, 110), (103, 102), (103, 106), (103, 107), (103, 109), (103, 101), (103, 103),
(104, 112), (104, 102), (104, 106), (104, 107), (104, 109), (104, 103), (104, 111),
(105, 106), (105, 102), (105, 104), (105, 101), (105, 108), (105, 110), (105, 111);


INSERT INTO tasks(id, title, priority, status, created_date, due_date, creator_id, user_id, project_id)
VALUES
    (1000, 'Meeting with stakeholders', 'LOW', 'NOT_STARTED', '2023-07-30 14:30:00', '2023-08-05 10:30:00', 102, 104, 101),
    (1001, 'Project Planning and meeting', 'MEDIUM', 'POSTPONED', '2023-08-01 10:30:00', '2023-08-10 09:00:00', 102, 101, 104),
    (1003, 'Create teams chats for users', 'HIGH', 'IN_PROGRESS', '2023-08-04 12:35:00', '2023-08-07 12:00:00', 105, 108, 106),
    (1004, 'Create Project requirements description', 'SEVERE', 'COMPLETED', '2023-07-30 14:30:00', '2023-08-05 10:30:00', 106, 110, 104),
    (1005, 'Implement User Authentication ', 'HIGH', 'NOT_STARTED', '2022-11-16 14:14:59', '2023-04-24 06:26:32',	101,	102,	107),
    (1006, 'Design Frontend Dashboard ', 'LOW', 'COMPLETED', '2022-07-05 14:31:02', '2022-08-17 07:08:30', 105, 104, 101),
    (1007, 'Write Unit Tests for Core Functions ', 'MEDIUM', 'IN_PROGRESS', '2023-03-29 14:17:48', '2023-05-13 19:16:55', 111, 110, 107),
    (1008, 'Conduct Usability Testing for Onboarding Flow ', 'LOW', 'NOT_STARTED', '2022-07-15 08:49:51', '2023-01-19 10:06:54', 111, 112, 102),
    (1009, 'Set Up Continuous Integration Pipeline ', 'HIGH', 'CANCELLED', '2023-01-23 23:01:02', '2023-06-03 10:15:18', 103, 106, 104),
    (1010, 'Develop REST API Endpoints ', 'MEDIUM', 'IN_PROGRESS', '2023-02-21 17:21:52', '2023-03-19 19:26:49', 111, 102, 106),
    (1011, 'Create Automated Test Scripts for E-Commerce Checkout ', 'SEVERE', 'CANCELLED', '2023-02-06 21:45:21', '2023-09-07 15:54:36', 103, 104, 102),
    (1012, 'Optimize Database Queries for Performance ', 'LOW', 'NOT_STARTED', '2023-02-20 22:19:03', '2023-04-04 04:55:07', 111, 110, 102),
    (1013, 'Implement Role-Based Access Control (RBAC) ', 'HIGH', 'POSTPONED', '2022-12-12 12:48:44', '2023-02-08 08:09:33', 101, 110, 108),
    (1014, 'Review Code for Code Quality and Best Practices ', 'HIGH', 'COMPLETED', '2023-05-24 14:22:29', '2023-09-13 21:44:34', 111, 112, 102),
    (1015, 'Develop Responsive Mobile Views ', 'MEDIUM', 'COMPLETED', '2022-08-07 20:53:08', '2022-11-03 16:28:01', 105, 106, 104),
    (1016, 'Write Integration Tests for Payment Gateway ', 'MEDIUM', 'NOT_STARTED', '2022-12-06 15:47:55', '2023-02-04 08:13:13', 111, 102, 102),
    (1017, 'Perform Security Penetration Testing ', 'MEDIUM', 'NOT_STARTED', '2022-09-04 02:20:53', '2023-06-15 17:15:18', 111, 106, 106),
    (1018, 'Set Up Monitoring and Alerts for Server Health ', 'LOW', 'NOT_STARTED', '2022-11-12 05:23:55', '2023-06-16 20:38:06', 102, 102, 101),
    (1019, 'Develop User Profile Management Functionality ', 'LOW', 'NOT_STARTED', '2023-01-21 05:03:41', '2023-06-07 10:57:56', 103, 104, 107),
    (1020, 'Create Load Testing Scenarios for User Registration ', 'LOW', 'COMPLETED', '2023-06-23 19:28:28', '2023-11-10 16:23:22', 105, 110, 105),
    (1021, 'Enhance UI for Accessibility Compliance ', 'LOW', 'COMPLETED', '2022-03-26 10:15:38', '2023-05-05 07:59:23', 104, 110, 102),
    (1022, 'Refactor Codebase to Reduce Technical Debt ', 'LOW', 'CANCELLED', '2022-11-01 22:15:07', '2023-04-17 07:18:23', 101, 104, 108),
    (1023, 'Develop API Documentation for External Integration ', 'LOW', 'IN_PROGRESS', '2023-05-07 18:46:28', '2023-11-02 17:28:11', 101, 110, 101),
    (1024, 'Set Up Cross-Browser Testing Environment ', 'SEVERE', 'IN_PROGRESS', '2022-12-14 12:49:56', '2023-09-21 04:42:37', 111, 104, 103),
    (1025, 'Implement OAuth 2.0 for Third-Party Integrations ', 'MEDIUM', 'IN_PROGRESS', '2023-03-19 19:15:00', '2023-04-16 03:51:53', 104, 110, 106),
    (1026, 'Write End-to-End Tests for User Registration Flow ', 'HIGH', 'IN_PROGRESS', '2023-02-19 07:14:55', '2023-08-20 17:13:13', 111, 110, 102),
    (1027, 'Perform Database Migration to New Schema ', 'LOW', 'IN_PROGRESS', '2022-06-08 05:45:46', '2022-08-09 20:16:11', 103, 112, 107),
    (1028, 'Design and Implement Secure Password Storage ', 'SEVERE', 'POSTPONED', '2022-05-26 03:55:25', '2022-12-16 08:31:52', 105, 102, 103),
    (1029, 'Create API Error Handling and Response Strategy ', 'MEDIUM', 'IN_PROGRESS', '2023-01-15 00:13:38', '2023-02-06 17:15:47', 110, 104, 105),
    (1030, 'Develop UI for Real-Time Notifications ', 'MEDIUM', 'POSTPONED', '2022-11-27 13:48:36', '2023-02-22 20:24:21', 102, 110, 104),
    (1031, 'Set Up Automated Regression Testing Suite ', 'LOW', 'COMPLETED', '2023-02-11 01:53:09', '2023-03-31 16:05:20', 111, 112, 108),
    (1032, 'Create Mock Data Service for Testing ', 'LOW', 'NOT_STARTED', '2023-03-05 15:51:41', '2022-08-01 15:18:07', 111, 106, 108),
    (1033, 'Implement Data Encryption for Sensitive Information ', 'HIGH', 'COMPLETED', '2022-10-10 12:37:48', '2022-10-16 21:31:08', 104, 102, 101),
    (1034, 'Design and Implement User Feedback Collection ', 'LOW', 'COMPLETED', '2022-11-23 12:21:44', '2023-01-21 18:33:41', 112, 104, 104),
    (1035, 'Develop Automated Load Testing Scenarios ', 'HIGH', 'CANCELLED', '2022-11-20 22:20:31', '2022-12-11 05:27:42', 101, 110, 104),
    (1036, 'Refine Git Workflow for Collaboration ', 'MEDIUM', 'COMPLETED', '2023-02-05 07:47:15', '2023-04-17 11:58:27', 112, 112, 102),
    (1037, 'Implement User Account Deactivation Functionality ', 'LOW', 'IN_PROGRESS', '2022-02-06 18:21:58', '2022-06-26 13:25:33', 103, 110, 104),
    (1038, 'Set Up Containerization using Docker ', 'HIGH', 'ON_HOLD', '2023-03-29 07:18:27', '2023-11-12 23:59:16', 104, 110, 108),
    (1039, 'Plan and Execute Usability Testing Sessions ', 'LOW', 'NOT_STARTED', '2023-03-08 14:52:57', '2023-08-20 01:34:36', 112, 102, 108),
    (1040, 'Develop Automated UI Testing Framework ', 'MEDIUM', 'NOT_STARTED', '2023-01-21 07:13:22', '2023-03-13 20:26:03', 104, 104, 103),
    (1041, 'Implement Multi-Factor Authentication (MFA)  ', 'HIGH', 'NOT_STARTED', '2023-06-25 17:46:18', '2023-08-07 14:22:22', 105, 110, 104),
    (1042, 'Create Documentation for API Rate Limiting ', 'HIGH', 'NOT_STARTED', '2022-12-09 06:10:47', '2023-09-28 22:23:53', 111, 110, 107),
    (1043, 'Set Up Performance Monitoring for APIs ', 'MEDIUM', 'ON_HOLD', '2022-12-26 01:39:50', '2023-06-19 09:45:12', 111, 112, 107),
    (1044, 'Develop Custom Analytics Dashboard ', 'MEDIUM', 'COMPLETED', '2023-02-08 08:18:20', '2023-05-13 14:30:12', 110, 106, 108),
    (1045, 'Create End-User Documentation for Features ', 'LOW', 'IN_PROGRESS', '2023-02-09 01:32:07', '2023-08-05 21:36:39', 108, 102, 105),
    (1046, 'Implement Cross-Platform Mobile App ', 'LOW', 'COMPLETED', '2022-12-06 23:43:52', '2023-09-05 14:31:55', 103, 106, 105),
    (1047, 'Design and Implement User Preferences Management ', 'HIGH', 'IN_PROGRESS', '2023-02-24 14:50:29', '2023-07-18 16:33:52', 101, 110, 101),
    (1048, 'Set Up Automated Security Vulnerability Scans ', 'SEVERE', 'POSTPONED', '2023-03-21 12:55:01', '2023-09-23 01:39:36', 106, 102, 101),
    (1049, 'Develop API for User Feedback Submission ', 'LOW', 'IN_PROGRESS', '2022-12-17 17:32:35', '2022-07-24 10:33:29', 107, 112, 103),
    (1050, 'Perform Load Testing for Search Functionality ', 'LOW', 'IN_PROGRESS', '2023-06-08 20:42:54', '2023-07-29 11:39:53', 104, 102, 104),
    (1051, 'Enhance Logging and Error Tracking ', 'MEDIUM', 'CANCELLED', '2022-07-06 14:42:40', '2022-09-25 06:52:09', 111, 112, 102),
    (1052, 'Design and Implement Notification Preferences ', 'HIGH', 'ON_HOLD', '2022-11-05 07:22:14', '2023-06-03 01:14:15', 107, 102, 107),
    (1053, 'Plan and Execute Code Review Sessions ', 'SEVERE', 'NOT_STARTED', '2023-01-05 00:01:24', '2023-07-14 12:27:57', 108, 110, 104),
    (1054, 'Implement Web Scraping for Data Extraction ', 'MEDIUM', 'IN_PROGRESS', '2023-08-07 04:56:19', '2023-08-12 16:32:09', 112, 102, 102),
    (1055, 'Design and Implement User Feedback Loop ', 'MEDIUM', 'IN_PROGRESS', '2022-05-14 11:05:59', '2022-12-30 20:37:29', 112, 110, 105),
    (1056, 'Refactor CSS Styles for Consistency ', 'MEDIUM', 'IN_PROGRESS', '2023-03-22 08:20:29', '2023-05-08 05:50:42', 103, 110, 101),
    (1057, 'Develop API Endpoint for User Data Export ', 'MEDIUM', 'ON_HOLD', '2023-04-06 02:59:24', '2023-06-08 09:54:39', 109, 104, 108),
    (1058, 'Set Up Content Security Policy (CSP)  ', 'LOW', 'ON_HOLD', '2023-05-02 08:28:26', '2023-06-12 15:44:59', 101, 112, 108),
    (1059, 'Plan and Execute Performance Testing Scenarios ', 'LOW', 'NOT_STARTED', '2023-01-07 08:41:26', '2023-01-20 20:31:47', 109, 110, 103),
    (1060, 'Integrate Third-Party Analytics Tools ', 'HIGH', 'IN_PROGRESS', '2023-01-06 11:27:57', '2023-02-12 02:02:41', 102, 112, 103),
    (1061, 'Develop Data Visualization Components ', 'MEDIUM', 'IN_PROGRESS', '2023-06-23 20:53:13', '2023-11-25 23:33:36', 110, 110, 101),
    (1062, 'Implement API Versioning Strategy ', 'MEDIUM', 'COMPLETED', '2023-06-22 03:31:20', '2022-06-30 17:06:56', 105, 104, 105),
    (1063, 'Create User Onboarding Tutorial Videos ', 'SEVERE', 'CANCELLED', '2022-07-31 09:52:12', '2022-10-20 06:40:47', 106, 110, 104),
    (1064, 'Set Up User Acceptance Testing (UAT)  Environment ', 'LOW', 'IN_PROGRESS', '2022-12-11 06:00:52', '2023-03-20 15:54:42', 108, 110, 104),
    (1065, 'Design and Implement Dark Mode Theme ', 'HIGH', 'NOT_STARTED', '2022-06-18 18:13:58', '2022-11-10 04:09:54', 103, 112, 107),
    (1066, 'Set Up Continuous Deployment Pipeline ', 'MEDIUM', 'IN_PROGRESS', '2022-12-29 08:43:47', '2023-02-27 13:20:40', 112, 106, 105),
    (1067, 'Create API Documentation for Developers ', 'MEDIUM', 'POSTPONED', '2023-07-09 01:08:47', '2023-08-11 07:33:21', 104, 112, 108),
    (1068, 'Develop User Activity Logging System ', 'MEDIUM', 'COMPLETED', '2022-11-24 09:35:13', '2022-12-05 09:25:44', 107, 112, 102),
    (1069, 'Implement Password Recovery Mechanism ', 'HIGH', 'ON_HOLD', '2023-07-22 12:03:45', '2023-09-08 00:29:12', 112, 104, 107),
    (1070, 'Plan and Execute A/B Testing for UI Changes ', 'MEDIUM', 'NOT_STARTED', '2023-06-12 23:30:17', '2023-08-17 12:25:17', 101, 102, 108),
    (1071, 'Enhance Error Handling and Reporting ', 'HIGH', 'POSTPONED', '2023-05-06 18:57:27', '2023-11-06 06:35:42', 109, 112, 107),
    (1072, 'Develop API for User Reviews and Ratings ', 'SEVERE', 'NOT_STARTED', '2023-03-03 05:16:22', '2023-07-02 07:52:01', 106, 106, 107),
    (1073, 'Set Up Automated Backup and Recovery Strategy ', 'MEDIUM', 'NOT_STARTED', '2023-07-19 17:58:50', '2023-08-05 17:30:44', 105, 104, 101),
    (1074, 'Create Interactive User Guides ', 'HIGH', 'NOT_STARTED', '2023-06-30 01:36:37', '2023-08-10 16:37:22', 109, 110, 103),
    (1075, 'Implement Geographic Location Tracking ', 'SEVERE', 'NOT_STARTED', '2022-09-06 19:39:25', '2023-09-14 15:51:13', 103, 102, 105),
    (1076, 'Set Up User Role and Permission Management ', 'LOW', 'CANCELLED', '2023-05-27 06:48:11', '2023-09-03 18:30:04', 110, 112, 105),
    (1077, 'Develop Multi-Language Support Functionality ', 'LOW', 'ON_HOLD', '2022-06-06 06:06:48', '2022-08-08 23:11:29', 103, 110, 107),
    (1078, 'Plan and Execute Cross-Device Compatibility Testing ', 'LOW', 'NOT_STARTED', '2022-12-25 21:43:09', '2023-05-12 16:56:43', 108, 110, 108),
    (1079, 'Design and Implement Customer Support Chatbot ', 'LOW', 'COMPLETED', '2023-01-20 20:28:49', '2023-03-14 01:27:48', 101, 110, 105),
    (1080, 'Set Up Monitoring for API Performance Metrics ', 'LOW', 'IN_PROGRESS', '2023-08-13 15:24:11', '2023-09-20 17:55:14', 106, 112, 105),
    (1081, 'Develop API for Real-Time Data Syncing ', 'MEDIUM', 'COMPLETED', '2023-05-27 13:18:17', '2023-07-29 04:41:59', 109, 106, 101),
    (1082, 'Implement Secure File Upload and Storage ', 'MEDIUM', 'COMPLETED', '2023-03-25 04:58:30', '2023-07-01 14:51:16', 112, 102, 101),
    (1083, 'Plan and Execute Accessibility Testing ', 'HIGH', 'COMPLETED', '2022-06-30 06:03:23', '2022-10-26 14:53:52', 105, 102, 103),
    (1084, 'Set Up Automated Regression Testing Suite ', 'HIGH', 'COMPLETED', '2023-02-23 17:11:30', '2023-04-10 10:20:03', 103, 102, 104),
    (1085, 'Develop Admin Panel for Content Management ', 'LOW', 'IN_PROGRESS', '2022-12-06 08:03:54', '2023-04-17 22:09:36', 103, 110, 102),
    (1086, 'Design and Implement Notification Center ', 'MEDIUM', 'IN_PROGRESS', '2022-05-17 02:42:47', '2022-11-22 08:06:49', 107, 112, 107),
    (1087, 'Set Up Load Balancing for High Traffic ', 'SEVERE', 'NOT_STARTED', '2023-01-15 23:22:20', '2023-02-06 00:17:15', 102, 110, 104),
    (1088, 'Implement API Endpoint for User Account Deletion ', 'LOW', 'POSTPONED', '2022-11-27 09:41:36', '2023-04-07 11:00:38', 108, 110, 102),
    (1089, 'Design and Implement Social Sharing Integration ', 'LOW', 'COMPLETED', '2022-09-06 23:13:44', '2022-11-03 03:27:55', 108, 102, 105),
    (1090, 'Plan and Execute Cross-Browser Testing ', 'LOW', 'CANCELLED', '2022-12-04 23:09:41', '2023-05-15 17:37:08', 109, 102, 101),
    (1091, 'Enhance Application Performance with Caching ', 'MEDIUM', 'ON_HOLD', '2022-08-28 03:31:17', '2023-01-26 20:39:07', 101, 102, 108),
    (1092, 'Develop API for Push Notifications ', 'SEVERE', 'ON_HOLD', '2022-12-05 16:40:04', '2023-02-23 04:08:20', 104, 110, 108),
    (1093, 'Set Up User Feedback Collection Mechanism ', 'MEDIUM', 'IN_PROGRESS', '2022-06-01 21:11:27', '2022-08-16 17:31:35', 108, 112, 103),
    (1094, 'Implement API for Third-Party Integration ', 'LOW', 'IN_PROGRESS', '2023-01-04 09:23:21', '2023-05-05 00:08:20', 110, 110, 103),
    (1095, 'Plan and Execute Data Migration to Cloud ', 'HIGH', 'COMPLETED', '2023-05-17 00:17:54', '2023-06-02 10:25:59', 103, 110, 101),
    (1096, 'Develop Real-Time Collaboration Features ', 'SEVERE', 'COMPLETED', '2023-02-13 05:00:05', '2023-02-24 02:44:54', 104, 106, 105),
    (1097, 'Set Up Error Monitoring and Reporting ', 'LOW', 'NOT_STARTED', '2022-07-06 06:57:58', '2022-11-21 00:45:25', 104, 104, 107),
    (1098, 'Design and Implement User Feedback Surveys ', 'HIGH', 'POSTPONED', '2023-03-05 18:52:18', '2023-09-14 06:52:00', 104, 112, 103),
    (1099, 'Implement API for User Notifications ', 'SEVERE', 'IN_PROGRESS', '2023-05-09 07:47:13', '2022-05-23 07:16:44', 110, 106, 105),
    (1100, 'Plan and Execute Cross-Platform Testing ', 'HIGH', 'CANCELLED', '2023-03-26 08:38:25', '2023-04-21 13:57:05', 109, 112, 104),
    (1101, 'Develop Data Import and Export Features ', 'MEDIUM', 'COMPLETED', '2022-08-14 21:23:30', '2022-11-05 12:14:26', 103, 110, 108),
    (1102, 'Set Up Database Replication for Redundancy ', 'LOW', 'POSTPONED', '2023-02-18 13:55:30', '2023-05-16 15:43:13', 101, 112, 108),
    (1103, 'Create User Training Resources ', 'LOW', 'NOT_STARTED', '2023-06-02 18:17:53', '2023-06-07 06:24:10', 107, 110, 101),
    (1104, 'Set Up Automated Deployment to Staging Environment ', 'LOW', 'NOT_STARTED', '2022-05-12 00:43:07', '2022-08-24 02:39:18', 104, 110, 104);

INSERT INTO task_comments(id, comment_content, author_id, created_date, task_id)
VALUES
(1202, 'All materials gathered and documents created', 110, '2023-08-03 09:30:00', 1000),
(1203, 'Email has been sent to stakeholder to place a meeting', 110, '2023-08-04 15:30:00', 1000),
(1204, 'Develop user authentication functionality to enable secure access to the application using email and password.', 101, '2022-11-16 14:14:59', 1005),
(1205, 'Design and create a user-friendly dashboard interface to visualize key application metrics and data.', 111, '2022-09-05 14:31:02', 1006),
(1206, 'Create unit tests to ensure the accuracy and reliability of critical functions within the application.', 111, '2023-03-29 14:17:48', 1007),
(1207, 'Plan and conduct usability testing to gather user feedback on the onboarding process and make necessary improvements.', 111, '2022-07-15 08:49:51', 1008),
(1208, 'Configure a continuous integration pipeline to automate building testing and deployment of code changes.', 103, '2023-01-23 23:01:02', 1009),
(1209, 'Design and implement REST API endpoints to enable interaction between the frontend and backend components.', 111, '2023-02-21 17:21:52', 1010),
(1210, 'Develop automated test scripts to verify the functionality of the e-commerce checkout process.', 103, '2023-02-06 21:45:21', 1011),
(1211, 'Identify and optimize slow-performing database queries to improve application performance.', 111, '2023-07-31 22:19:03', 1012),
(1212, 'Define and implement role-based access control to manage user permissions and access to certain features.', 101, '2022-05-12 12:48:44', 1013),
(1213, 'Review code changes to ensure adherence to coding standards best practices and maintainability.', 111, '2023-05-24 14:22:29', 1014),
(1214, 'Create mobile-responsive views to provide an optimal user experience on various devices and screen sizes.', 105, '2022-08-07 20:53:08', 1015),
(1215, 'Design and write integration tests to validate the integration of a new payment gateway for online transactions.', 111, '2022-06-06 15:47:55', 1016),
(1216, 'Engage a security expert to conduct penetration testing and identify potential vulnerabilities in the application.', 111, '2022-09-04 02:20:53', 1017),
(1217, 'Configure monitoring tools to track server health metrics and set up alerts for abnormal behavior.', 101, '2022-11-12 05:23:55', 1018),
(1218, 'Design and implement features that allow users to update their profiles and manage personal information.', 103, '2023-01-21 05:03:41', 1019),
(1219, 'Define load testing scenarios to evaluate the applications performance under heavy user registration traffic.', 105, '2023-06-23 19:28:28', 1020),
(1220, 'Implement UI changes to ensure compliance with accessibility standards and improve usability for all users.', 104, '2022-07-26 10:15:38', 1021),
(1221, 'Refactor and clean up sections of the codebase to reduce technical debt and improve code quality.', 101, '2022-11-01 22:15:07', 1022),
(1222, 'Create comprehensive API documentation with examples for external developers integrating with the application.', 101, '2023-05-07 18:46:28', 1023),
(1223, 'Establish a testing environment to verify the applications compatibility across different web browsers.', 111, '2022-06-14 12:49:56', 1024),
(1224, 'Integrate OAuth 2.0 authentication to allow third-party applications to access user data securely.', 104, '2023-03-19 19:15:00', 1025),
(1225, 'Develop end-to-end tests to validate the entire user registration flow including form submission and confirmation.', 111, '2023-02-19 07:14:55', 1026),
(1226, 'Plan and execute a database migration to transition to a new database schema while preserving data integrity.', 103, '2022-06-08 05:45:46', 1027),
(1227, 'Implement a secure mechanism for storing user passwords  such as using salted and hashed passwords.', 105, '2022-05-26 03:55:25', 1028),
(1228, 'Define a standardized approach for handling API errors and returning meaningful error responses to clients.', 110, '2023-04-15 00:13:38', 1029),
(1229, 'Design and implement a user interface that displays real-time notifications using WebSocket technology.', 101, '2022-11-27 13:48:36', 1030),
(1230, 'Configure an automated regression testing suite to ensure that existing functionality remains unaffected by code changes.', 111, '2023-02-11 01:53:09', 1031),
(1231, 'Develop a mock data service that simulates API responses during testing and development.', 111, '2023-03-05 15:51:41', 1032),
(1232, 'Incorporate data encryption techniques to safeguard sensitive user information stored in the database.', 104, '2022-10-18 12:37:48', 1033),
(1233, 'Create a mechanism for collecting user feedback and suggestions to improve the applications features.', 112, '2022-11-23 12:21:44', 1034),
(1234, 'Design and execute automated load testing scenarios to assess the applications performance under heavy loads.', 101, '2022-11-20 22:20:31', 1035),
(1235, 'Improve the teams Git workflow to streamline collaboration and version control practices.', 112, '2023-02-05 07:47:15', 1036),
(1236, 'Develop features that allow users to deactivate their accounts while preserving data and privacy.', 103, '2022-07-06 18:21:58', 1037),
(1237, 'Containerize application components using Docker for improved deployment consistency and scalability.', 104, '2023-03-29 07:18:27', 1038),
(1238, 'Organize and conduct usability testing sessions with real users to identify pain points and areas for improvement.', 112, '2023-03-08 14:52:57', 1039),
(1239, 'Create an automated UI testing framework to validate the correctness of user interface components.', 104, '2023-07-21 07:13:22', 1040),
(1240, 'Integrate multi-factor authentication to enhance user account security and prevent unauthorized access.', 105, '2023-06-25 17:46:18', 1041),
(1241, 'Document the API rate limiting strategy to prevent abuse and ensure fair resource allocation.', 111, '2022-06-09 06:10:47', 1042),
(1242, 'Configure performance monitoring tools to track API response times and identify bottlenecks.', 111, '2022-05-26 01:39:50', 1043),
(1243, 'Design and build a custom analytics dashboard to visualize user engagement and application usage.', 110, '2023-02-08 08:18:20', 1044),
(1244, 'Write user-friendly documentation that explains how to use various features of the application.', 108, '2023-02-09 01:32:07', 1045),
(1245, 'Develop a cross-platform mobile app using technologies like React Native to expand the applications reach.', 103, '2022-12-06 23:43:52', 1046),
(1246, 'Create functionality that allows users to customize their preferences and settings within the application.', 101, '2023-02-24 14:50:29', 1047),
(1247, 'Configure automated security vulnerability scans to identify potential weaknesses and security risks.', 106, '2023-03-21 12:55:01', 1048),
(1248, 'Design and implement an API endpoint that allows users to submit feedback and suggestions directly from the application.', 107, '2022-12-17 17:32:35', 1049),
(1249, 'Conduct load testing to evaluate the performance of the search functionality under high search query volumes.', 104, '2023-06-08 20:42:54', 1050),
(1250, 'Improve logging mechanisms and error tracking to facilitate efficient debugging and issue resolution.', 111, '2022-07-06 14:42:40', 1051),
(1251, 'Create a user interface for managing notification preferences allowing users to customize their notifications.', 107, '2022-08-05 07:22:14', 1052),
(1252, 'Organize code review sessions to foster knowledge sharing and maintain code quality across the team.', 108, '2023-01-05 00:01:24', 1053),
(1253, 'Develop a web scraping module to extract data from external websites and integrate it into the application.', 112, '2023-08-30 04:56:19', 1054),
(1254, 'Set up mechanisms to gather and incorporate user feedback into iterative development cycles.', 112, '2022-05-14 11:05:59', 1055),
(1255, 'Refactor and consolidate CSS styles to ensure consistent design and layout across the application.', 103, '2023-03-22 08:20:29', 1056),
(1256, 'Create an API endpoint that allows users to export their data in various formats for personal use.', 109, '2023-04-06 02:59:24', 1057),
(1257, 'Implement a content security policy to mitigate risks associated with cross-site scripting (XSS) attacks.', 101, '2023-05-02 08:28:26', 1058),
(1258, 'Define and execute performance testing scenarios to assess the applications responsiveness and scalability.', 109, '2023-01-07 08:41:26', 1059),
(1259, 'Integrate third-party analytics tools to gather insights into user behavior and application usage patterns.', 101, '2023-07-06 11:27:57', 1060),
(1260, 'Design and build interactive data visualization components to present complex data in a user-friendly manner.', 110, '2023-06-23 20:53:13', 1061),
(1261, 'Define and implement a strategy for versioning APIs to maintain compatibility and provide backward compatibility.', 105, '2023-06-22 03:31:20', 1062),
(1262, 'Produce tutorial videos that guide new users through the applications key features and functionality.', 106, '2022-07-31 09:52:12', 1063),
(1263, 'Establish a dedicated environment for user acceptance testing to validate new features with actual users.', 108, '2022-09-11 06:00:52', 1064),
(1264, 'Develop a dark mode theme option to enhance user experience and accommodate different user preferences.', 103, '2022-06-18 18:13:58', 1065),
(1265, 'Configure continuous deployment to automatically release new code changes to production environments.', 112, '2022-12-29 08:43:47', 1066),
(1266, 'Generate comprehensive API documentation with technical details and usage instructions for developers.', 104, '2023-07-09 01:08:47', 1067),
(1267, 'Design a system that logs and tracks user activities for audit purposes and troubleshooting.', 107, '2022-11-24 09:35:13', 1068),
(1268, 'Develop a secure mechanism for users to recover their passwords in case of forgotten credentials.', 112, '2022-07-22 12:03:45', 1069),
(1269, 'Organize A/B tests to compare different variations of UI elements and assess their impact on user engagement.', 101, '2022-06-12 23:30:17', 1070),
(1270, 'Improve error messages and reporting mechanisms to provide users with clearer information when errors occur.', 109, '2023-05-06 18:57:27', 1071),
(1271, 'Design and implement an API that enables users to submit reviews and ratings for products or services.', 106, '2023-08-03 05:16:22', 1072),
(1272, 'Configure automated backups and a recovery strategy to ensure data integrity and availability.', 105, '2023-07-19 17:58:50', 1073),
(1273, 'Design interactive user guides that help users explore and understand different features of the application.', 109, '2023-06-30 01:36:37', 1074),
(1274, 'Develop features that allow users to track and share their geographic location within the application.', 103, '2022-09-26 19:39:25', 1075),
(1275, 'Implement a system for managing user roles and permissions to control access to sensitive areas of the application.', 110, '2023-05-27 06:48:11', 1076),
(1276, 'Implement multi-language support to enable users to view the applications content in their preferred language.', 103, '2022-06-06 06:06:48', 1077),
(1277, 'Conduct testing across various devices and screen sizes to ensure consistent behavior and appearance.', 108, '2022-07-25 21:43:09', 1078),
(1278, 'Create a chatbot that provides automated customer support and answers frequently asked questions.', 101, '2023-01-20 20:28:49', 1079),
(1279, 'Configure monitoring tools to track key performance metrics for API endpoints and ensure optimal performance.', 106, '2023-08-13 15:24:11', 1080),
(1280, 'Design and implement an API that facilitates real-time data synchronization across different devices.', 109, '2023-05-27 13:18:17', 1081),
(1281, 'Develop a secure file upload mechanism that ensures the confidentiality and integrity of uploaded files.', 112, '2023-03-25 04:58:30', 1082),
(1282, 'Conduct accessibility testing to ensure that the application is usable by individuals with disabilities.', 105, '2022-06-30 06:03:23', 1083),
(1283, 'Configure an automated regression testing suite to validate existing functionality after code changes.', 103, '2023-02-23 17:11:30', 1084),
(1284, 'Create an admin panel that allows authorized users to manage and update content within the application.', 103, '2022-12-06 08:03:54', 1085),
(1285, 'Develop a centralized notification center that displays relevant alerts and updates for users.', 107, '2022-05-17 02:42:47', 1086),
(1286, 'Configure load balancing mechanisms to distribute incoming traffic evenly and ensure application availability.', 101, '2023-04-15 23:22:20', 1087),
(1287, 'Create an API endpoint that allows users to request the deletion of their accounts and associated data.', 108, '2022-06-27 09:41:36', 1088),
(1288, 'Develop features that allow users to share content from the application on social media platforms.', 108, '2022-09-06 23:13:44', 1089),
(1289, 'Conduct testing on different web browsers to identify and resolve any compatibility issues.', 109, '2022-12-04 23:09:41', 1090),
(1290, 'Implement caching strategies to improve application performance by reducing redundant data retrieval.', 101, '2022-08-28 03:31:17', 1091),
(1291, 'Design and implement an API that enables the sending of push notifications to users devices.', 104, '2022-12-05 16:40:04', 1092),
(1292, 'Create a mechanism for users to provide feedback suggestions  and report issues within the application.', 108, '2023-06-01 21:11:27', 1093),
(1293, 'Design and develop an API that allows seamless integration with third-party services or platforms.', 110, '2023-01-04 09:23:21', 1094),
(1294, 'Migrate application data to a cloud-based platform to achieve scalability and flexibility.', 103, '2023-05-17 00:17:54', 1095),
(1295, 'Design features that enable real-time collaboration among users such as shared editing and commenting.', 104, '2023-02-13 05:00:05', 1096),
(1296, 'Configure tools to monitor application errors and exceptions and receive timely notifications.', 104, '2022-07-06 06:57:58', 1097),
(1297, 'Develop user feedback surveys to gather insights and suggestions for improving the application.', 104, '2023-03-05 18:52:18', 1098),
(1298, 'Create an API that allows the application to send various types of notifications to users.', 110, '2023-05-09 07:47:13', 1099),
(1299, 'Test the application on different operating systems to ensure compatibility across various platforms.', 109, '2023-06-26 08:38:25', 1100),
(1300, 'Design features that allow users to import and export data in various formats enhancing data management.', 103, '2022-08-14 21:23:30', 1101),
(1301, 'Implement database replication to ensure data redundancy and high availability in case of failures.', 101, '2023-02-18 13:55:30', 1102),
(1302, 'Develop training resources such as video tutorials and documentation to help users navigate the application.', 107, '2023-07-20 18:17:53', 1103),
(1303, 'Automate the deployment process to a staging environment for thorough testing before releasing to production.', 104, '2022-05-12 00:43:07', 1104);

INSERT INTO bugs(id, title, description,  priority, status, created_date, due_date, reporter_id, user_id, project_id)
VALUES
(1000, 'Debugging NullPointerException', 'While testing the application- encountered a NullPointerException in the login module. Need assistance to identify and fix the root cause.', 'LOW', 'NOT_STARTED',  '2022-11-24 02:39:18',  '2023-12-24 06:26:32', 101, 111, 101),
(1001, 'Code Review for New Feature', 'Requesting a code review for the new feature implementation in the backend API. Looking for feedback on code quality architecture and potential improvements.', 'HIGH', 'REVIEWING',  '2022-06-12 03:16:35',  '2022-08-17 07:08:30', 107, 104, 103),
(1002, 'Frontend Performance Optimization', 'The applications frontend has been experiencing slow performance. Need to optimize the JavaScript code and reduce page load times.', 'MEDIUM', 'OPEN',  '2023-01-05 16:31:48',  '2023-05-13 19:16:55', 103, 109, 104),
(1003, 'Database Connection Leak', 'Noticed a database connection leak in the production environment. Need to investigate and fix the issue to prevent resource exhaustion.', 'SEVERE', 'POSTPONED',  '2022-07-19 08:41:00',  '2023-08-19 10:06:54', 109, 112, 102),
(1004, 'Unit Testing Coverage', 'The unit testing coverage for the module is below the desired threshold. Requesting assistance in writing additional unit tests to improve coverage.', 'MEDIUM', 'CLOSED',  '2023-02-27 23:46:07',  '2023-06-03 10:15:18', 105, 101, 107),
(1005, 'Automation Testing Setup', 'Setting up automation testing for the new user registration flow. Need guidance on selecting the appropriate testing framework and creating test scripts.', 'SEVERE', 'IN_PROGRESS',  '2023-07-28 10:29:21',  '2023-08-19 19:26:49', 111, 112, 104),
(1006, 'Cross-Browser Compatibility Testing', 'The application is not rendering correctly on certain browsers. Need to perform cross-browser compatibility testing and fix any styling issues.', 'LOW', 'NOT_A_BUG',  '2023-08-07 08:14:15',  '2023-09-07 15:54:36', 104, 111, 102),
(1007, 'Security Vulnerability Assessment', 'Need to conduct a security assessment to identify vulnerabilities in the application code and configurations. Recommendations for mitigation are also requested.', 'LOW', 'OPEN',  '2022-09-10 18:12:19',  '2023-01-04 04:55:07', 109, 101, 105),
(1008, 'Performance Testing for API', 'Planning to conduct performance testing for the API endpoints to ensure they can handle the expected load. Need assistance in setting up the test scenarios.', 'MEDIUM', 'TO_BE_TESTED',  '2022-09-02 23:40:19',  '2023-01-08 08:09:33', 112, 110, 101),
(1009, 'Code Refactoring for Readability', 'The codebase has become difficult to understand due to complex logic. Requesting assistance in refactoring the code for improved readability and maintainability.', 'HIGH', 'RESOLVED',  '2022-05-12 07:29:18',  '2023-05-13 21:44:34', 101, 112, 108),
(1010, 'Resolving Merge Conflict', 'Faced a merge conflict while integrating feature branches. Need guidance on resolving the conflict and ensuring a clean merge.', 'MEDIUM', 'NOT_STARTED',  '2023-05-30 20:52:53',  '2023-11-03 16:28:01', 112, 103, 108),
(1011, 'Regression Testing after Bug Fix', 'After fixing a critical bug need to perform regression testing to ensure that the fix does not introduce new issues in other parts of the application.', 'LOW', 'NOT_AN_ISSUE',  '2023-06-21 13:54:53',  '2023-08-04 08:13:13', 106, 112, 103),
(1012, 'API Documentation Update', 'The API documentation is outdated and incomplete. Requesting to update the documentation with accurate descriptions and usage examples.', 'MEDIUM', 'POSTPONED',  '2023-08-19 16:13:08',  '2023-09-15 17:15:18', 111, 112, 103),
(1013, 'Continuous Integration Setup', 'Need to set up continuous integration (CI) for the project using a CI/CD tool. Assistance is needed in configuring automated builds and tests.', 'SEVERE', 'REVIEWING',  '2023-05-23 11:10:35',  '2023-06-16 20:38:06', 101, 108, 101),
(1014, 'Load Testing on Production Server', 'Preparing to conduct load testing on the production server to ensure it can handle a high volume of concurrent users. Looking for advice on load testing tools and strategies.', 'SEVERE', 'IN_PROGRESS',  '2022-09-09 20:22:50',  '2023-06-07 10:57:56', 110, 105, 105),
(1015, 'Deploying Microservices Architecture', 'Transitioning from a monolithic architecture to microservices. Need guidance on the deployment process and managing inter-service communication.', 'MEDIUM', 'NOT_AN_ISSUE',  '2022-08-27 05:14:04',  '2022-01-10 16:23:22', 112, 111, 104),
(1016, 'Integration Testing for Third-Party APIs', 'Adding integration tests for the integration with third-party APIs. Need to validate that the data exchange and interactions are functioning correctly.', 'HIGH', 'TO_BE_TESTED',  '2023-05-14 00:43:50',  '2023-05-25 07:59:23', 103, 101, 104),
(1017, 'Dockerizing Application Components', 'Containerizing application components using Docker for easier deployment and scaling. Seeking assistance in creating Dockerfiles and docker-compose configurations.', 'HIGH', 'NOT_STARTED',  '2022-02-07 15:28:10',  '2023-04-17 07:18:23', 112, 105, 107),
(1018, 'Resolving Slow Database Queries', 'Certain database queries are running slowly and affecting application performance. Need to optimize the queries or consider adding indexes.', 'MEDIUM', 'OPEN',  '2023-01-23 16:17:13',  '2023-03-02 17:28:11', 107, 104, 105),
(1019, 'Enhancing Error Logging', 'Improving error logging in the application to provide more informative error messages. Looking for recommendations on best practices for error handling and logging.', 'MEDIUM', 'NOT_AN_ISSUE',  '2023-03-05 22:17:07',  '2023-09-21 04:42:37', 109, 105, 108),
(1020, 'Test Data Generation', 'Need to generate realistic test data for load and performance testing. Seeking guidance on tools and techniques for generating meaningful test data.', 'HIGH', 'CLOSED',  '2023-06-15 14:01:02',  '2023-07-16 03:51:53', 105, 111, 102),
(1021, 'Accessibility Testing', 'Conducting accessibility testing to ensure the application is usable by individuals with disabilities. Need assistance in identifying and addressing accessibility issues.', 'LOW', 'CANCELLED',  '2022-07-16 04:42:54',  '2022-08-20 17:13:13', 111, 103, 107),
(1022, 'Git Workflow Optimization', 'Seeking to optimize the teams Git workflow to improve collaboration and streamline the development process. Looking for best practices and suggestions.', 'LOW', 'REVIEWING',  '2023-07-21 01:42:18',  '2022-08-09 20:16:11', 112, 112, 108),
(1023, 'API Rate Limiting Implementation', 'Planning to implement API rate limiting to prevent abuse and ensure fair usage. Need guidance on setting up rate limits and handling rate-limiting responses.', 'SEVERE', 'NOT_A_BUG',  '2023-01-25 08:59:58',  '2022-02-16 08:31:52', 108, 101, 107),
(1024, 'Test Automation for UI Components', 'Expanding test automation coverage to include UI components. Need assistance in selecting a suitable UI testing framework and creating test scripts.', 'HIGH', 'NOT_STARTED',  '2023-05-24 07:01:31',  '2023-07-06 17:15:47', 105, 110, 107),
(1025, 'Dependency Update and Security Patching', 'The project has outdated dependencies that may have security vulnerabilities. Need to update dependencies and apply security patches.', 'LOW', 'RESOLVED',  '2023-06-03 06:01:30',  '2023-08-22 20:24:21', 111, 101, 101),
(1026, 'Load Balancing Setup for Web Servers', 'Implementing load balancing for web servers to distribute traffic evenly. Need assistance in configuring load balancers and monitoring.', 'HIGH', 'IN_PROGRESS',  '2022-09-18 05:25:27',  '2023-03-31 16:05:20', 101, 105, 103),
(1027, 'Handling Concurrent Database Writes', 'Dealing with concurrent database writes that may lead to data inconsistencies. Seeking advice on implementing locking mechanisms or optimistic concurrency control.', 'SEVERE', 'NOT_A_BUG',  '2023-06-16 15:36:50',  '2023-08-01 15:18:07', 106, 112, 105),
(1028, 'E2E Testing of User Flows', 'Planning end-to-end (E2E) testing for critical user flows. Need help in selecting a testing framework and creating test scripts to simulate user interactions.', 'HIGH', 'REVIEWING',  '2022-07-22 07:56:54',  '2022-10-16 21:31:08', 110, 106, 105),
(1029, 'Scaling Database for Growth', 'Preparing the database to handle increased data volume. Looking for strategies to scale horizontally or vertically and ensure database performance.', 'LOW', 'NOT_STARTED',  '2022-12-31 09:13:38',  '2023-02-21 18:33:41', 112, 106, 104),
(1030, 'Continuous Deployment Pipeline', 'Setting up a continuous deployment pipeline to automate the deployment process. Need assistance in integrating automated tests and deploying to production.', 'LOW', 'TO_BE_TESTED',  '2022-08-16 18:42:36',  '2022-08-21 05:27:42', 101, 101, 108),
(1031, 'Codebase Documentation Enhancement', 'The codebase lacks comprehensive documentation. Requesting help in documenting code functionality APIs and usage instructions.', 'MEDIUM', 'OPEN',  '2022-09-16 06:33:44',  '2023-04-17 11:58:27', 105, 111, 108),
(1032, 'API Versioning Strategy', 'Planning to implement API versioning to ensure backward compatibility. Looking for guidance on choosing a versioning scheme and implementation approach.', 'MEDIUM', 'NOT_AN_ISSUE',  '2022-09-14 08:32:45',  '2022-12-26 13:25:33', 104, 103, 101),
(1033, 'Load Testing for Backend APIs', 'Conducting load testing specifically for backend APIs to validate their performance under various load conditions. Need assistance in designing and executing tests.', 'SEVERE', 'CANCELLED',  '2022-12-07 14:21:28',  '2023-01-12 23:59:16', 105, 108, 104),
(1034, 'Automated Security Scanning', 'Implementing automated security scanning tools to identify vulnerabilities in the codebase. Seeking recommendations for security scanning tools and practices.', 'LOW', 'CLOSED',  '2022-09-13 15:43:21',  '2022-10-20 01:34:36', 111, 107, 104),
(1035, 'Git Branch Strategy Alignment', 'Aligning the teams Git branch strategy with the projects development workflow. Need to define branching patterns and merge strategies.', 'HIGH', 'REVIEWING',  '2022-12-17 04:46:08',  '2023-03-13 20:26:03', 103, 110, 102),
(1036, 'UI Mockup Review and Feedback', 'Need review and feedback on the UI mockups for an upcoming feature. Looking for suggestions to improve usability and design.', 'HIGH', 'RESOLVED',  '2023-06-26 19:49:20',  '2023-08-07 14:22:22', 101, 110, 104),
(1037, 'Load Testing Analysis and Optimization', 'Analyzing load testing results and identifying performance bottlenecks. Need to optimize code database queries or configurations to improve scalability.', 'MEDIUM', 'NOT_STARTED',  '2023-05-20 09:51:40',  '2023-09-28 22:23:53', 109, 108, 108),
(1038, 'Version Control Cleanup', 'Cleaning up the version control repository by removing unused branches and optimizing repository size. Seeking best practices for repository maintenance.', 'SEVERE', 'TO_BE_TESTED',  '2023-09-16 11:14:27',  '2023-06-19 09:45:12', 108, 112, 108),
(1039, 'Setting Up Test Environments', 'Creating isolated test environments to replicate production configurations. Need assistance in provisioning test environments and maintaining consistency.', 'LOW', 'IN_PROGRESS',  '2023-03-19 17:45:04',  '2023-05-13 14:30:12', 112, 101, 103),
(1040, 'Data Migration Planning', 'Preparing for a data migration to a new database schema. Need to plan the migration process data mapping and ensure data integrity.', 'SEVERE', 'NOT_AN_ISSUE',  '2023-07-10 06:40:46',  '2023-08-05 21:36:39', 101, 110, 104),
(1041, 'API Documentation Review', 'Reviewing and updating the API documentation for accuracy and completeness. Seeking feedback on the clarity of endpoint descriptions and request/response examples.', 'LOW', 'CLOSED',  '2022-09-01 00:55:43',  '2023-09-05 14:31:55', 110, 101, 107),
(1042, 'Automated Load Testing for Scalability', 'Implementing automated load testing to ensure the application scales as the user base grows. Need to simulate realistic user traffic and analyze results.', 'LOW', 'OPEN',  '2022-02-23 01:21:56',  '2022-07-18 16:33:52', 101, 105, 107),
(1043, 'Codebase Dependency Analysis', 'Conducting a thorough analysis of codebase dependencies to identify potential licensing and security issues. Seeking guidance on managing dependencies.', 'SEVERE', 'OPEN',  '2022-09-25 01:22:39',  '2023-01-23 01:39:36', 105, 112, 108),
(1044, 'Test Data Cleanup Automation', 'Automating the cleanup of test data after running integration and end-to-end tests. Looking for solutions to reset the database to a consistent state.', 'SEVERE', 'NOT_STARTED',  '2022-04-11 04:03:31',  '2022-07-24 10:33:29', 112, 107, 105),
(1045, 'Performance Profiling and Optimization', 'Profiling the applications performance to identify resource-intensive areas. Need assistance in optimizing code and improving response times.', 'LOW', 'REVIEWING',  '2023-02-20 09:05:47',  '2022-05-29 11:39:53', 106, 110, 105),
(1046, 'Accessibility Audit for UI', 'Conducting an accessibility audit to ensure the UI meets accessibility standards. Requesting assistance in identifying and fixing accessibility issues.', 'LOW', 'OPEN',  '2023-01-14 18:05:32',  '2023-09-25 06:52:09', 106, 110, 101),
(1047, 'Git Submodule Integration', 'Integrating Git submodules into the project to manage shared components. Seeking guidance on submodule workflows and synchronization.', 'LOW', 'RESOLVED',  '2023-02-01 01:16:52',  '2023-06-03 01:14:15', 101, 105, 107),
(1048, 'Incident Response Plan Review', 'Reviewing the incident response plan to ensure it covers potential security breaches and data breaches. Seeking feedback and improvements.', 'SEVERE', 'NOT_STARTED',  '2023-06-29 20:17:11',  '2022-07-14 12:27:57', 112, 112, 101),
(1049, 'Test Data Privacy Compliance', 'Ensuring compliance with data privacy regulations when using test data. Need to anonymize or pseudonymize sensitive data in test environments.', 'HIGH', 'NOT_STARTED',  '2023-01-30 21:16:51',  '2023-08-12 16:32:09', 104, 101, 107),
(1050, 'Secure Code Review', 'Requesting a secure code review to identify potential security vulnerabilities in the codebase. Need recommendations for addressing security issues.', 'HIGH', 'TO_BE_TESTED',  '2022-11-25 12:55:29',  '2022-12-30 20:37:29', 111, 111, 102),
(1051, 'Test Data Generation for Edge Cases', 'Generating test data to cover edge cases and unusual scenarios. Seeking guidance on creating test cases that challenge the applications behavior.', 'SEVERE', 'NOT_STARTED',  '2022-03-31 09:51:01',  '2022-05-08 05:50:42', 103, 105, 104),
(1052, 'Infrastructure as Code Implementation', 'Implementing infrastructure as code (IaC) using tools like Terraform or CloudFormation. Need assistance in defining infrastructure resources and configuration.', 'LOW', 'POSTPONED',  '2023-02-18 22:22:10',  '2022-06-08 09:54:39', 108, 101, 106),
(1053, 'Browser Compatibility Testing Matrix', 'Creating a matrix for browser compatibility testing to ensure consistent rendering across different browsers and versions.', 'LOW', 'IN_PROGRESS',  '2022-08-17 18:48:23',  '2022-09-12 15:44:59', 107, 101, 102),
(1054, 'Automated Deployment Rollback Plan', 'Creating an automated rollback plan for deployments that encounter issues. Need to define steps to revert to a previous stable state.', 'HIGH', 'OPEN',  '2022-07-12 20:57:05',  '2023-11-20 20:31:47', 110, 108, 102),
(1055, 'Mock Data Service for Development', 'Implementing a mock data service for frontend development to simulate API responses during development. Looking for tools and best practices.', 'LOW', 'NOT_STARTED',  '2023-04-10 09:13:30',  '2023-06-12 02:02:41', 110, 104, 108),
(1056, 'API Performance Monitoring', 'Setting up monitoring to track API performance metrics in real-time. Need to configure alerts for abnormal response times or error rates.', 'MEDIUM', 'CANCELLED',  '2022-10-01 07:04:22',  '2022-11-25 23:33:36', 105, 101, 102),
(1057, 'Database Schema Migration', 'Planning and executing a database schema migration to introduce new features or changes. Need to manage data migration and schema versioning.', 'HIGH', 'OPEN',  '2023-02-02 20:00:04',  '2023-06-30 17:06:56', 112, 109, 104),
(1058, 'Test Data Visualization', 'Visualizing test data and results to identify patterns and anomalies during testing. Seeking tools and techniques for data visualization.', 'MEDIUM', 'RESOLVED',  '2022-08-27 03:11:36',  '2022-10-20 06:40:47', 101, 108, 102),
(1059, 'Automated UI Regression Testing', 'Implementing automated UI regression testing to catch visual and functional regressions. Need to select a UI testing framework and create test scripts.', 'MEDIUM', 'REVIEWING',  '2022-07-01 08:05:49',  '2023-01-20 15:54:42', 111, 112, 106),
(1060, 'Cross-Functional Code Review', 'Conducting a cross-functional code review involving developers testers and designers. Seeking diverse perspectives to improve code quality and usability.', 'HIGH', 'NOT_A_BUG',  '2023-08-10 03:31:53',  '2023-11-10 04:09:54', 105, 101, 101),
(1061, 'End-to-End Monitoring Implementation', 'Implementing end-to-end monitoring to track user journeys and monitor performance across different components. Need to set up monitoring tools and dashboards.', 'HIGH', 'IN_PROGRESS',  '2022-07-29 01:16:41',  '2022-09-27 13:20:40', 101, 110, 107),
(1062, 'Code Documentation Review', 'Reviewing code documentation for accuracy clarity and adherence to coding standards. Seeking feedback to enhance the documentation quality.', 'LOW', 'CLOSED',  '2022-04-22 16:24:04',  '2022-08-11 07:33:21', 101, 101, 105),
(1063, 'DevOps Process Audit', 'Auditing the DevOps process to identify bottlenecks and opportunities for optimization. Need recommendations for streamlining continuous integration and deployment.', 'SEVERE', 'NOT_AN_ISSUE',  '2022-07-28 22:49:26',  '2022-12-05 09:25:44', 108, 105, 102),
(1064, 'Performance Benchmarking', 'Benchmarking application performance against industry standards to identify areas for improvement. Seeking tools and methodologies for benchmarking.', 'MEDIUM', 'TO_BE_TESTED',  '2022-11-08 11:28:27',  '2023-03-08 00:29:12', 104, 112, 108),
(1065, 'User Acceptance Testing (UAT) Plan', 'Creating a UAT plan to involve end-users in testing new features. Need to define test scenarios collect feedback and address user concerns.', 'HIGH', 'CANCELLED',  '2023-02-16 02:25:59',  '2023-08-17 12:25:17', 104, 107, 101),
(1066, 'API Documentation Automation', 'Automating the process of generating and updating API documentation from source code comments. Seeking tools to automate API documentation tasks.', 'HIGH', 'OPEN',  '2023-08-26 10:22:08',  '2023-11-06 06:35:42', 110, 109, 103),
(1067, 'Infrastructure Security Review', 'Reviewing the security configurations of the infrastructure components. Need to ensure secure network configurations firewall rules and access controls.', 'HIGH', 'POSTPONED',  '2022-01-23 13:23:04',  '2023-07-02 07:52:01', 101, 105, 106),
(1068, 'Container Orchestration Setup', 'Setting up container orchestration using Kubernetes or similar tools. Need assistance in defining deployment strategies and managing container clusters.', 'SEVERE', 'NOT_STARTED',  '2022-08-01 18:22:30',  '2023-08-05 17:30:44', 107, 111, 102),
(1069, 'Test Environment Isolation', 'Isolating test environments to prevent interference between different test runs. Need to ensure consistency and reproducibility of test results.', 'LOW', 'TO_BE_TESTED',  '2023-04-30 06:18:09',  '2023-05-10 16:37:22', 109, 112, 107);
--


-- INSERT INTO tasks(id, title, priority, status, created_date, due_date, modified_date, project_id, creator_id, user_id)
-- insert into bugs(id, title, description, reporter_id, created_date, due_date, modified_date, priority, status, project_id, user_id)


-- insert into tasks(id, title, priority, status, created_date, due_date, modified_date, creator_id, user_id, project_id) ;
-- insert into bugs(id, title, description, priority, status, created_date, due_date, modified_date, reporter_id, user_id, project_id) ;